INSERT INTO APP.ENTITA
(ID_ENTITA, ACRONIMO, CODICE, DESCRIZIONE)
VALUES(1, 'acronimoent1', 'codiceacronimoent1', 'desc acronimo ent 1');
INSERT INTO APP.ENTITA
(ID_ENTITA, ACRONIMO, CODICE, DESCRIZIONE)
VALUES(2, 'acronimoent2', 'codiceacronimoent2', 'desc acronimo ent 2');

INSERT INTO APP.TIPI_EVENTO
(ID_TIPO, CODICE, DESCRIZIONE)
VALUES(1, 'codicetipoevento1', 'desc codice tipoevento 1');
INSERT INTO APP.TIPI_EVENTO
(ID_TIPO, CODICE, DESCRIZIONE)
VALUES(2, 'codicetipoevento2', 'desc codice tipoevento 2');

INSERT INTO APP.MILESTONES
(ID_MILESTONE, ID_ENTITA, ID_TIPO_EVENTO)
VALUES(1, 1, 1);
INSERT INTO APP.MILESTONES
(ID_MILESTONE, ID_ENTITA, ID_TIPO_EVENTO)
VALUES(2, 2, 2);

INSERT INTO APP.SEMAFORI
(ID_SEMAFORO, CODICE, DESCRIZIONE)
VALUES(1, 'codicesemaforo1', 'desc semaforo 1');
INSERT INTO APP.SEMAFORI
(ID_SEMAFORO, CODICE, DESCRIZIONE)
VALUES(2, 'codicesemaforo2', 'desc semaforo 2');

INSERT INTO APP.SEMAFORI_MILESTONES
(ID_SEMAFORO, ID_MILESTONE)
VALUES(1, 1);
INSERT INTO APP.SEMAFORI_MILESTONES
(ID_SEMAFORO, ID_MILESTONE)
VALUES(2, 2);

INSERT INTO APP.CALENDARI
(ID_CALENDARIO, DESCRIZIONE)
VALUES(1, 'desc cal 1');
INSERT INTO APP.CALENDARI
(ID_CALENDARIO, DESCRIZIONE)
VALUES(2, 'desc cal 2');

INSERT INTO APP.EVENTI
(ID_EVENTO, TSTAMP_EVENTO, TAG, ID_ENTITA, ID_TIPO_EVENTO)
VALUES(1, current_timestamp, 'tageventi1', 1, 1);
INSERT INTO APP.EVENTI
(ID_EVENTO, TSTAMP_EVENTO, TAG, ID_ENTITA, ID_TIPO_EVENTO)
VALUES(2, current_timestamp, 'tageventi2', 2, 2);

INSERT INTO APP.DETTAGLI_EVENTO
(ID_DETTAGLIO, CHIAVE, VALORE, ID_EVENTO)
VALUES(1, 'chiavedettagli1', 'valore dettagli1', 1);
INSERT INTO APP.DETTAGLI_EVENTO
(ID_DETTAGLIO, CHIAVE, VALORE, ID_EVENTO)
VALUES(2, 'chiavedettagli2', 'valore dettagli2', 2);

INSERT INTO APP.CALENDARI_MILESTONES
(ID_CALENDARIO_MILESTONE, DATA_ORA_PREVISTE, TAG, ID_CALENDARIO, ID_MILESTONE)
VALUES(1, current_timestamp, 'tagAlfaNum000', 1, 1);
INSERT INTO APP.CALENDARI_MILESTONES
(ID_CALENDARIO_MILESTONE, DATA_ORA_PREVISTE, TAG, ID_CALENDARIO, ID_MILESTONE)
VALUES(2, current_timestamp, 'tagAlfaNum002', 2, 2);